tag,architecture,seq_minutes,inputs,units,lr,seed,parameters,MAE,skill,train_s
60min_noatt,bilstm,60,raw+calendar,96,0.0003,42.0,86081,0.4721,34.49,1328.2
60min_plainlstm,lstm,60,raw+calendar,96,0.0003,42.0,43073,0.4735,34.3,616.9
60min_unidir,attention_lstm,60,raw+calendar,96,0.0003,42.0,46210,0.4796,33.45,704.8
60min_calendar_s7,attention_bilstm,60,raw+calendar,96,0.0003,7.0,92290,0.4812,33.23,974.4
60min_calendar,attention_bilstm,60,raw+calendar,96,0.0003,42.0,92290,0.4897,32.05,897.1
60min_tuned_s7,attention_bilstm,60,raw,96,0.0003,7.0,89218,0.5372,25.45,810.8
60min_tuned,attention_bilstm,60,raw,96,0.0003,,89218,0.5381,25.33,854.3
60min,attention_bilstm,60,raw,64,0.001,,43138,0.5385,25.28,201.3
720min,attention_bilstm,720,raw,64,0.001,,43138,0.5421,24.78,753.7
