contamination,flagged_%,Precision,Recall,F1,TP,FP,FN,TN,FalseAlarmRate_%,recall_spike,recall_stuck,recall_drift,recall_dropout,recall_frontal
0.005,0.533,0.0605,0.0215,0.0317,27,419,1229,82028,0.508,0.0,0.012,0.0,0.108,0.0088
0.0075,0.769,0.0901,0.0462,0.0611,58,586,1198,81861,0.711,0.0,0.012,0.0016,0.2394,0.0176
0.01,1.033,0.0913,0.0629,0.0745,79,786,1177,81661,0.953,0.25,0.012,0.0016,0.2817,0.0573
0.015,1.54,0.0799,0.082,0.0809,103,1186,1153,81261,1.438,0.6667,0.012,0.0047,0.2864,0.1278
0.02,2.091,0.0754,0.1051,0.0878,132,1618,1124,80829,1.962,1.0,0.012,0.0063,0.2958,0.2247
0.025,2.613,0.075,0.1306,0.0953,164,2023,1092,80424,2.454,1.0,0.012,0.0094,0.3146,0.3392
0.03,3.166,0.0675,0.1425,0.0917,179,2471,1077,79976,2.997,1.0,0.012,0.011,0.3286,0.3877
0.04,4.222,0.0614,0.1728,0.0906,217,3317,1039,79130,4.023,1.0,0.012,0.0141,0.3615,0.5154
0.05,5.296,0.0596,0.2102,0.0928,264,4169,992,78278,5.057,1.0,0.0479,0.0204,0.4366,0.6079
